iter	Logloss
0	0.6460112905
50	0.06626495627
100	0.02173957694
150	0.01061137046
200	0.006547248223
250	0.004492650732
